{
  "version": 1,
  "width": 95,
  "height": 25,
  "duration": 11.89055,
  "command": null,
  "title": null,
  "env": {
    "TERM": "xterm-256color",
    "SHELL": "/bin/zsh"
  },
  "stdout": [
    [
      0.117722,
      "\u001b]7;file://realfake-mbp/Users/realfake\u0007"
    ],
    [
      1.474427,
      "\u001b[1m\u001b[7m%\u001b[27m\u001b[1m\u001b[0m                                                                                              \r \r"
    ],
    [
      3.2e-05,
      "\u001b]2;realfake@realfake-mbp\u0007"
    ],
    [
      2e-05,
      "\u001b]1;~\u0007"
    ],
    [
      0.00322,
      "\u001b]7;file://realfake-mbp/Users/realfake\u0007"
    ],
    [
      0.112338,
      "\r\u001b[0m\u001b[27m\u001b[24m\u001b[J\u001b[01;32mrealfake@realfake-mbp \u001b[01;34m~ $\u001b[00m "
    ],
    [
      3.1e-05,
      "\u001b[K\u001b[50C\u001b[01;30m[\u001b[01;31mminikube\u001b[01;30m:\u001b[01;34mdefault\u001b[01;30m]\u001b[00m\u001b[68D"
    ],
    [
      0.000125,
      "\u001b[?1h\u001b="
    ],
    [
      4.5e-05,
      "\u001b[?2004h"
    ],
    [
      0.818926,
      "k"
    ],
    [
      0.148764,
      "\bk "
    ],
    [
      0.192018,
      "g"
    ],
    [
      0.175993,
      "e"
    ],
    [
      0.047787,
      "t"
    ],
    [
      0.095941,
      " "
    ],
    [
      0.224103,
      "p"
    ],
    [
      0.071951,
      "o"
    ],
    [
      0.239456,
      "\u001b[?1l\u001b>"
    ],
    [
      3.5e-05,
      "\u001b[?2004l\r\r\n"
    ],
    [
      0.001378,
      "\u001b]2;kubectl get po\u0007\u001b]1;k\u0007"
    ],
    [
      0.108222,
      "No resources found.\r\n"
    ],
    [
      0.002738,
      "\u001b[1m\u001b[7m%\u001b[27m\u001b[1m\u001b[0m                                                                                              \r \r"
    ],
    [
      5.6e-05,
      "\u001b]2;realfake@realfake-mbp\u0007\u001b]1;~\u0007"
    ],
    [
      0.00373,
      "\u001b]7;file://realfake-mbp/Users/realfake\u0007"
    ],
    [
      0.112094,
      "\r\u001b[0m\u001b[27m\u001b[24m\u001b[J\u001b[01;32mrealfake@realfake-mbp \u001b[01;34m~ $\u001b[00m \u001b[K\u001b[50C\u001b[01;30m[\u001b[01;31mminikube\u001b[01;30m:\u001b[01;34mdefault\u001b[01;30m]\u001b[00m\u001b[68D"
    ],
    [
      0.000112,
      "\u001b[?1h\u001b="
    ],
    [
      8.4e-05,
      "\u001b[?2004h"
    ],
    [
      1.372698,
      "k"
    ],
    [
      0.095147,
      "\bkc"
    ],
    [
      0.112361,
      "n"
    ],
    [
      0.080036,
      "s"
    ],
    [
      0.150873,
      "\u001b[?1l\u001b>"
    ],
    [
      2.7e-05,
      "\u001b[?2004l\r\r\n"
    ],
    [
      0.000905,
      "\u001b]2;kcns\u0007\u001b]1;kcns\u0007"
    ],
    [
      0.125271,
      "\u001b[J\u001b[6n"
    ],
    [
      0.000398,
      "\n\u001b[G\n\u001b[G\n\u001b[G\n\u001b[G\n\u001b[G\n\u001b[G\n\u001b[G\n\u001b[G\n\u001b[G\n\u001b[G\n\u001b[G\u001b[?1000h\u001b[11A\u001b[G\u001b[K\u001b[6n"
    ],
    [
      0.00208,
      "\r\u001b[;38;5;59m───────────────────────────────────────────────────────────────────────────────────────────────\u001b[m\u001b[11B\r\u001b[;38;5;59m───────────────────────────────────────────────────────────────────────────────────────────────\u001b[m\u001b[10A\r\u001b[;m                                                                                               \r\u001b[1B\r\u001b[;m                                                                                               \r\u001b[1B\r\u001b[;m                                                                                               \r\u001b[1B\r\u001b[;m                                                                                              "
    ],
    [
      2.8e-05,
      " \r\u001b[1B\r\u001b[;m                                                                                               \r\u001b[1B\r\u001b[;m                                                                                               \r\u001b[1B\r\u001b[;m                                                                                               \r\u001b[1B\r\u001b[;m                                                                                               \r\u001b[1B\r\u001b[;m                                                                                               \r\u001b[1B\r\u001b[;m                                                                                               \r\u001b[9A\r\u001b[;m                                                                                               \r\u001b[;1;38;5;110m> \u001b[m\u001b[;1m\u001b[m\r\u001b[2C\r\u001b[3C\u001b[;m                                                                                            \r\u001b[3C\u001b[;1;38;5;110m < \u001b[m\u001b[;38;5;144m3/3\u001b[m\u001b[1B\r\u001b[2C\u001b[;m                                                                                             \r\u001b[2C"
    ],
    [
      0.000166,
      "\u001b[;38;5;109mNAME          STATUS    AGE\u001b[m\r\u001b[2C\u001b[;m                                                                                             \r\u001b[2C\u001b[;38;5;109mNAME          STATUS    AGE\u001b[m\u001b[1A\r\u001b[3C\u001b[;m                                                                                            \r\u001b[3C\u001b[;1;38;5;110m < \u001b[m\u001b[;38;5;144m3/3\u001b[m\u001b[2B\r\u001b[;1;38;5;161;48;5;236m>\u001b[m\u001b[;1;38;5;254;48;5;236m \u001b[m\u001b[;1;38;5;254;48;5;236mdefault       Active    18h\u001b[m\u001b[1B\r\u001b[;1;38;5;161;48;5;236m \u001b[m\u001b[;m \u001b[;mkube-public   Active    18h\u001b[m\u001b[1B\r\u001b[;1;38;5;161;48;5;236m \u001b[m\u001b[;m \u001b[;mkube-system   Active    18h\u001b[m\u001b[4A\r\u001b[2C"
    ],
    [
      0.019016,
      "\r\u001b[2C"
    ],
    [
      1.26268,
      "\r\u001b[;m                                                                                               \r\u001b[;1;38;5;110m> \u001b[m\u001b[;1ms\u001b[m\r\u001b[4C\u001b[;m                                                                                           \r\u001b[4C\u001b[;1;38;5;110m < \u001b[m\u001b[;38;5;144m3/3\u001b[m\r\u001b[3C"
    ],
    [
      0.000265,
      "\r\u001b[4C\u001b[;m                                                                                           \r\u001b[4C\u001b[;1;38;5;110m < \u001b[m\u001b[;38;5;144m1/3\u001b[m\u001b[2B\r\u001b[;1;38;5;161;48;5;236m>\u001b[m\u001b[;1;38;5;254;48;5;236m \u001b[m\u001b[;1;38;5;254;48;5;236mkube-\u001b[m\u001b[;1;38;5;151;48;5;236ms\u001b[m\u001b[;1;38;5;254;48;5;236mystem   Active    18h\u001b[m\u001b[1B\r\u001b[;m                                                                                               \r\u001b[1B\r\u001b[;m                                                                                               \r\u001b[4A\r\u001b[3C"
    ],
    [
      0.158305,
      "\r\u001b[;m                                                                                               \r\u001b[;1;38;5;110m> \u001b[m\u001b[;1msy\u001b[m\r\u001b[5C\u001b[;m                                                                                          \r\u001b[5C\u001b[;1;38;5;110m < \u001b[m\u001b[;38;5;144m1/3\u001b[m\r\u001b[4C"
    ],
    [
      0.000154,
      "\r\u001b[5C\u001b[;m                                                                                          \r\u001b[5C\u001b[;1;38;5;110m < \u001b[m\u001b[;38;5;144m1/3\u001b[m\u001b[2B\r\u001b[;1;38;5;161;48;5;236m>\u001b[m\u001b[;1;38;5;254;48;5;236m \u001b[m\u001b[;1;38;5;254;48;5;236mkube-\u001b[m\u001b[;1;38;5;151;48;5;236ms\u001b[m\u001b[;1;38;5;254;48;5;236m\u001b[m\u001b[;1;38;5;151;48;5;236my\u001b[m\u001b[;1;38;5;254;48;5;236mstem   Active    18h\u001b[m\u001b[2A\r\u001b[4C"
    ],
    [
      0.159197,
