{
  "version": 1,
  "width": 95,
  "height": 25,
  "duration": 8.318345,
  "command": null,
  "title": null,
  "env": {
    "TERM": "xterm-256color",
    "SHELL": "/bin/zsh"
  },
  "stdout": [
    [
      0.122529,
      "\u001b]7;file://realfake-mbp/Users/realfake\u0007"
    ],
    [
      1.520965,
      "\u001b[1m\u001b[7m%\u001b[27m\u001b[1m\u001b[0m                                                                                              \r \r"
    ],
    [
      3.2e-05,
      "\u001b]2;realfake@realfake-mbp\u0007"
    ],
    [
      2.1e-05,
      "\u001b]1;~\u0007"
    ],
    [
      0.004033,
      "\u001b]7;file://realfake-mbp/Users/realfake\u0007"
    ],
    [
      0.026132,
      "\r\u001b[0m\u001b[27m\u001b[24m\u001b[J\u001b[01;32mrealfake@realfake-mbp \u001b[01;34m~ $\u001b[00m \u001b[K\u001b[58C\u001b[01;30m[\u001b[01;31mminikube\u001b[01;30m]\u001b[00m\u001b[68D"
    ],
    [
      3.3e-05,
      "\u001b[?1h\u001b="
    ],
    [
      9.8e-05,
      "\u001b[?2004h"
    ],
    [
      0.91741,
      "k"
    ],
    [
      0.055253,
      "\bkd"
    ],
    [
      0.087808,
      "e"
    ],
    [
      0.175979,
      "s"
    ],
    [
      0.192012,
      " "
    ],
    [
      0.160301,
      "p"
    ],
    [
      0.120019,
      "o"
    ],
    [
      0.239247,
      "\u001b[?1l\u001b>"
    ],
    [
      3.4e-05,
      "\u001b[?2004l\r\r\n"
    ],
    [
      0.001332,
      "\u001b]2;kdes po\u0007\u001b]1;kdes\u0007"
    ],
    [
      0.187883,
      "\u001b[J\u001b[6n"
    ],
    [
      0.000445,
      "\n\u001b[G\n\u001b[G\n\u001b[G\n\u001b[G\n\u001b[G\n\u001b[G\n\u001b[G\n\u001b[G\n\u001b[G\n\u001b[G\n\u001b[G\u001b[?1000h\u001b[11A\u001b[G\u001b[K\u001b[6n"
    ],
    [
      0.002748,
      "\r\u001b[;38;5;59m───────────────────────────────────────────────────────────────────────────────────────────────\u001b[m\u001b[11B\r\u001b[;38;5;59m───────────────────────────────────────────────────────────────────────────────────────────────\u001b[m\u001b[10A\r\u001b[;m                                                                                               \r\u001b[1B\r\u001b[;m                                                                                               \r\u001b[1B\r\u001b[;m                                                                                               \r\u001b[1B\r\u001b[;m                                                                                              "
    ],
    [
      3.3e-05,
      " \r\u001b[1B\r\u001b[;m                                                                                               \r\u001b[1B\r\u001b[;m                                                                                               \r\u001b[1B\r\u001b[;m                                                                                               \r\u001b[1B\r\u001b[;m                                                                                               \r\u001b[1B\r\u001b[;m                                                                                               \r\u001b[1B\r\u001b[;m                                                                                               \r\u001b[9A\r\u001b[;m                                                                                               \r\u001b[;1;38;5;110m> \u001b[m\u001b[;1m\u001b[m\r\u001b[2C\r\u001b[3C\u001b[;m                                                                                            \r\u001b[3C\u001b[;1;38;5;110m < \u001b[m\u001b[;38;5;144m7/7\u001b[m\u001b[1B\r\u001b[2C\u001b[;m                                                                                             \r\u001b[2C"
    ],
    [
      3.7e-05,
      "\u001b[;38;5;109mNAMESPACE     NAME                          READY     STATUS    RESTARTS   AGE\u001b[m\r\u001b[2C\u001b[;m                                                                                             \r\u001b[2C\u001b[;38;5;109mNAMESPACE     NAME                          READY     STATUS    RESTARTS   AGE\u001b[m\u001b[1A\r\u001b[3C\u001b[;m                                                                                            \r\u001b[3C\u001b[;1;38;5;110m < \u001b[m\u001b[;38;5;144m7/7\u001b[m\u001b[2B\r\u001b[;1;38;5;161;48;5;236m>\u001b[m\u001b[;1;38;5;254;48;5;236m \u001b[m\u001b[;1;38;5;254;48;5;236mdefault       test                          1/1       Running   0          24s\u001b[m\u001b[1B\r\u001b[;1;38;5;161;48;5;236m \u001b[m\u001b[;m \u001b[;mkube-system   heapster-b587m                1/1       Running   0          1h\u001b[m\u001b[1B\r\u001b[;1;38;5;161;48;5;236m \u001b[m\u001b[;m \u001b[;mkube-system   influxdb-grafana-wl2vk        2/2       Running   0          1h\u001b[m\u001b[1B\r\u001b[;1;38;5;161;48;5;236m \u001b[m\u001b[;m \u001b[;mkube-system   kube-addon-manager-minikube   1/1       Running   0          1h\u001b[m\u001b[1B\r\u001b[;1;38;5;161;48;5;236m \u001b[m\u001b[;m \u001b[;mkube-system   ku"
    ],
    [
      3.5e-05,
      "be-dns-910330662-8pxxh      3/3       Running   0          1h\u001b[m\u001b[1B\r\u001b[;1;38;5;161;48;5;236m \u001b[m\u001b[;m \u001b[;mkube-system   kubernetes-dashboard-kx7bz    1/1       Running   0          1h\u001b[m\u001b[1B\r\u001b[;1;38;5;161;48;5;236m \u001b[m\u001b[;m \u001b[;mkube-system   registry-zk290                1/1       Running   0          1h\u001b[m\u001b[8A\r\u001b[2C"
    ],
    [
      0.019939,
      "\r\u001b[2C"
    ],
    [
      1.42844,
      "\r\u001b[;m                                                                                               \r\u001b[;1;38;5;110m> \u001b[m\u001b[;1md\u001b[m\r\u001b[4C\u001b[;m                                                                                           \r\u001b[4C\u001b[;1;38;5;110m < \u001b[m\u001b[;38;5;144m7/7\u001b[m\r\u001b[3C"
    ],
    [
      0.000226,
      "\u001b[2B\r\u001b[;1;38;5;161;48;5;236m>\u001b[m\u001b[;1;38;5;254;48;5;236m \u001b[m\u001b[;1;38;5;254;48;5;236mkube-system   kube-\u001b[m\u001b[;1;38;5;151;48;5;236md\u001b[m\u001b[;1;38;5;254;48;5;236mns-910330662-8pxxh      3/3       Running   0          1h\u001b[m\u001b[;m \u001b[1B\r\u001b[;1;38;5;161;48;5;236m \u001b[m\u001b[;m \u001b[;mkube-system   kubernetes-\u001b[m\u001b[;38;5;108md\u001b[m\u001b[;mashboard-kx7bz    1/1       Running   0          1h\u001b[m\u001b[1B\r\u001b[;1;38;5;161;48;5;236m \u001b[m\u001b[;m \u001b[;m\u001b[m\u001b[;38;5;108md\u001b[m\u001b[;mefault       test                          1/1       Running   0          24s\u001b[m\u001b[1B\r\u001b[;1;38;5;161;48;5;236m \u001b[m\u001b[;m \u001b[;mkube-system   influx\u001b[m\u001b[;38;5;108md\u001b[m\u001b[;mb-grafana-wl2vk        2/2       Running   0          1h\u001b[m\u001b[1B\r\u001b[;1;38;5;161;48;5;236m \u001b[m\u001b[;m \u001b[;mkube-system   kube-a\u001b[m\u001b[;38;5;108md\u001b[m\u001b[;mdon-manager-minikube   1/1       Running   0          1h\u001b[m\u001b[1B\r\u001b[;m                                                                                               \r\u001b[1B\r\u001b[;m                                                                                               \r\u001b[8A\r\u001b[4C\u001b[;m         "
    ],
    [
      5.9e-05,
      "                                                                                  \r\u001b[4C\u001b[;1;38;5;110m < \u001b[m\u001b[;38;5;144m5/7\u001b[m\r\u001b[3C"
    ],
    [
      0.087294,
      "\r\u001b[;m                                                                                               \r\u001b[;1;38;5;110m> \u001b[m\u001b[;1mdn\u001b[m\r\u001b[5C\u001b[;m                                                                                          \r\u001b[5C\u001b[;1;38;5;110m < \u001b[m\u001b[;38;5;144m5/7\u001b[m\r\u001b[4C"
    ],
    [
      0.000268,
