{
  "version": 1,
  "width": 95,
  "height": 25,
  "duration": 9.547276,
  "command": null,
  "title": null,
  "env": {
    "TERM": "xterm-256color",
    "SHELL": "/bin/zsh"
  },
  "stdout": [
    [
      0.117189,
      "\u001b]7;file://realfake-mbp/Users/realfake\u0007"
    ],
    [
      1.421963,
      "\u001b[1m\u001b[7m%\u001b[27m\u001b[1m\u001b[0m                                                                                              \r \r"
    ],
    [
      4.5e-05,
      "\u001b]2;realfake@realfake-mbp\u0007"
    ],
    [
      5e-05,
      "\u001b]1;~\u0007"
    ],
    [
      0.00393,
      "\u001b]7;file://realfake-mbp/Users/realfake\u0007"
    ],
    [
      0.024854,
      "\r\u001b[0m\u001b[27m\u001b[24m\u001b[J\u001b[01;32mrealfake@realfake-mbp \u001b[01;34m~ $\u001b[00m \u001b[K\u001b[58C\u001b[01;30m[\u001b[01;31mminikube\u001b[01;30m]\u001b[00m\u001b[68D"
    ],
    [
      5.8e-05,
      "\u001b[?1h\u001b="
    ],
    [
      9e-05,
      "\u001b[?2004h"
    ],
    [
      1.335083,
      "k"
    ],
    [
      0.023585,
      "\bke"
    ],
    [
      0.215944,
      "x"
    ],
    [
      0.151612,
      " "
    ],
    [
      0.128067,
      "s"
    ],
    [
      0.135957,
      "h"
    ],
    [
      0.231388,
      "\u001b[?1l\u001b>"
    ],
    [
      2.5e-05,
      "\u001b[?2004l\r\r\n"
    ],
    [
      0.001239,
      "\u001b]2;kex sh\u0007\u001b]1;kex\u0007"
    ],
    [
      0.167372,
      "\u001b[J\u001b[6n"
    ],
    [
      0.000426,
      "\n\u001b[G\n\u001b[G\n\u001b[G\n\u001b[G\n\u001b[G\n\u001b[G\n\u001b[G\n\u001b[G\n\u001b[G\n\u001b[G\n\u001b[G\u001b[?1000h\u001b[11A\u001b[G\u001b[K\u001b[6n"
    ],
    [
      0.001981,
      "\r\u001b[;38;5;59m───────────────────────────────────────────────────────────────────────────────────────────────\u001b[m\u001b[11B\r\u001b[;38;5;59m───────────────────────────────────────────────────────────────────────────────────────────────\u001b[m\u001b[10A\r\u001b[;m                                                                                               \r\u001b[1B\r\u001b[;m                                                                                               \r\u001b[1B\r\u001b[;m                                                                                               \r\u001b[1B\r\u001b[;m                                                                                              "
    ],
    [
      3.1e-05,
      " \r\u001b[1B\r\u001b[;m                                                                                               \r\u001b[1B\r\u001b[;m                                                                                               \r\u001b[1B\r\u001b[;m                                                                                               \r\u001b[1B\r\u001b[;m                                                                                               \r\u001b[1B\r\u001b[;m                                                                                               \r\u001b[1B\r\u001b[;m                                                                                               \r\u001b[9A\r\u001b[;m                                                                                               \r\u001b[;1;38;5;110m> \u001b[m\u001b[;1m\u001b[m\r\u001b[2C\r\u001b[3C\u001b[;m                                                                                            \r\u001b[3C\u001b[;1;38;5;110m < \u001b[m\u001b[;38;5;144m6/6\u001b[m\u001b[1B\r\u001b[2C\u001b[;m                                                                                             \r\u001b[2C"
    ],
    [
      4.5e-05,
      "\u001b[;38;5;109mNAMESPACE     NAME                          READY     STATUS    RESTARTS   AGE\u001b[m\u001b[1A\r\u001b[3C\u001b[;m                                                                                            \r\u001b[3C\u001b[;1;38;5;110m < \u001b[m\u001b[;38;5;144m6/6\u001b[m\u001b[2B\r\u001b[;1;38;5;161;48;5;236m>\u001b[m\u001b[;1;38;5;254;48;5;236m \u001b[m\u001b[;1;38;5;254;48;5;236mkube-system   heapster-b587m                1/1       Running   0          1h\u001b[m\u001b[1B\r\u001b[;1;38;5;161;48;5;236m \u001b[m\u001b[;m \u001b[;mkube-system   influxdb-grafana-wl2vk        2/2       Running   0          1h\u001b[m\u001b[1B\r\u001b[;1;38;5;161;48;5;236m \u001b[m\u001b[;m \u001b[;mkube-system   kube-addon-manager-minikube   1/1       Running   0          1h\u001b[m\u001b[1B\r\u001b[;1;38;5;161;48;5;236m \u001b[m\u001b[;m \u001b[;mkube-system   kube-dns-910330662-8pxxh      3/3       Running   0          1h\u001b[m\u001b[1B\r\u001b[;1;38;5;161;48;5;236m \u001b[m\u001b[;m \u001b[;mkube-system   kubernetes-dashboard-kx7bz    1/1       Running   0          1h\u001b[m\u001b[1B\r\u001b[;1;38;5;161;48;5;236m \u001b[m\u001b[;m \u001b[;mkube-system   registry-zk290                1/1       Running   0          1h\u001b[m\u001b[6A\r\u001b[2C\u001b[;m   "
    ],
    [
      0.000123,
      "                                                                                          \r\u001b[2C\u001b[;38;5;109mNAMESPACE     NAME                          READY     STATUS    RESTARTS   AGE\u001b[m\u001b[1A\r\u001b[2C"
    ],
    [
      0.019414,
      "\r\u001b[2C"
    ],
    [
      0.954149,
      "\r\u001b[;m                                                                                               \r\u001b[;1;38;5;110m> \u001b[m\u001b[;1md\u001b[m\r\u001b[4C\u001b[;m                                                                                           \r\u001b[4C\u001b[;1;38;5;110m < \u001b[m\u001b[;38;5;144m6/6\u001b[m\r\u001b[3C"
    ],
    [
      0.000188,
      "\u001b[2B\r\u001b[;1;38;5;161;48;5;236m>\u001b[m\u001b[;1;38;5;254;48;5;236m \u001b[m\u001b[;1;38;5;254;48;5;236mkube-system   kube-\u001b[m\u001b[;1;38;5;151;48;5;236md\u001b[m\u001b[;1;38;5;254;48;5;236mns-910330662-8pxxh      3/3       Running   0          1h\u001b[m\u001b[1B\r\u001b[;1;38;5;161;48;5;236m \u001b[m\u001b[;m \u001b[;mkube-system   kubernetes-\u001b[m\u001b[;38;5;108md\u001b[m\u001b[;mashboard-kx7bz    1/1       Running   0          1h\u001b[m\u001b[1B\r\u001b[;1;38;5;161;48;5;236m \u001b[m\u001b[;m \u001b[;mkube-system   influx\u001b[m\u001b[;38;5;108md\u001b[m\u001b[;mb-grafana-wl2vk        2/2       Running   0          1h\u001b[m\u001b[1B\r\u001b[;1;38;5;161;48;5;236m \u001b[m\u001b[;m \u001b[;mkube-system   kube-a\u001b[m\u001b[;38;5;108md\u001b[m\u001b[;mdon-manager-minikube   1/1       Running   0          1h\u001b[m\u001b[1B\r\u001b[;m                                                                                               \r\u001b[1B\r\u001b[;m                                                                                               \r\u001b[7A\r\u001b[4C\u001b[;m                                                                                           \r\u001b[4C\u001b[;1;38;5;110m < \u001b[m\u001b[;38;5;144m4/6\u001b[m\r\u001b[3C"
    ],
    [
      0.175706,
      "\r\u001b[;m                                                                                               \r\u001b[;1;38;5;110m> \u001b[m\u001b[;1mdn\u001b[m\r\u001b[5C\u001b[;m                                                                                          \r\u001b[5C\u001b[;1;38;5;110m < \u001b[m\u001b[;38;5;144m4/6\u001b[m\r\u001b[4C"
    ],
    [
      0.000355,
