{
  "version": 1,
  "width": 95,
  "height": 25,
  "duration": 6.788535,
  "command": null,
  "title": null,
  "env": {
    "TERM": "xterm-256color",
    "SHELL": "/bin/zsh"
  },
  "stdout": [
    [
      0.132045,
      "\u001b]7;file://realfake-mbp/Users/realfake\u0007"
    ],
    [
      1.513462,
      "\u001b[1m\u001b[7m%\u001b[27m\u001b[1m\u001b[0m                                                                                              \r \r"
    ],
    [
      3.4e-05,
      "\u001b]2;realfake@realfake-mbp\u0007\u001b]1;~\u0007"
    ],
    [
      0.003778,
      "\u001b]7;file://realfake-mbp/Users/realfake\u0007"
    ],
    [
      0.02397,
      "\r\u001b[0m\u001b[27m\u001b[24m\u001b[J\u001b[01;32mrealfake@realfake-mbp \u001b[01;34m~ $\u001b[00m \u001b[K\u001b[58C\u001b[01;30m[\u001b[01;31mminikube\u001b[01;30m]\u001b[00m\u001b[68D"
    ],
    [
      0.000178,
      "\u001b[?1h\u001b="
    ],
    [
      3.1e-05,
      "\u001b[?2004h"
    ],
    [
      0.893398,
      "k"
    ],
    [
      0.06329,
      "\bkl"
    ],
    [
      0.207936,
      "o"
    ],
    [
      0.103745,
      "g"
    ],
    [
      0.167494,
      "\u001b[?1l\u001b>"
    ],
    [
      3.4e-05,
      "\u001b[?2004l\r\r\n"
    ],
    [
      0.001258,
      "\u001b]2;klog\u0007\u001b]1;klog\u0007"
    ],
    [
      0.169739,
      "\u001b[J\u001b[6n"
    ],
    [
      0.000401,
      "\n\u001b[G\n\u001b[G\n\u001b[G\n\u001b[G\n\u001b[G\n\u001b[G\n\u001b[G\n\u001b[G\n\u001b[G\n\u001b[G\n\u001b[G\u001b[?1000h\u001b[11A\u001b[G\u001b[K\u001b[6n"
    ],
    [
      0.001607,
      "\r\u001b[;38;5;59m───────────────────────────────────────────────────────────────────────────────────────────────\u001b[m\u001b[11B\r\u001b[;38;5;59m───────────────────────────────────────────────────────────────────────────────────────────────\u001b[m\u001b[10A\r\u001b[;m                                                                                               \r\u001b[1B\r\u001b[;m                                                                                               \r\u001b[1B\r\u001b[;m                                                                                               \r\u001b[1B\r\u001b[;m                                                                                              "
    ],
    [
      4.1e-05,
      " \r\u001b[1B\r\u001b[;m                                                                                               \r\u001b[1B\r\u001b[;m                                                                                               \r\u001b[1B\r\u001b[;m                                                                                               \r\u001b[1B\r\u001b[;m                                                                                               \r\u001b[1B\r\u001b[;m                                                                                               \r\u001b[1B\r\u001b[;m                                                                                               \r\u001b[9A\r\u001b[;m                                                                                               \r\u001b[;1;38;5;110m> \u001b[m\u001b[;1m\u001b[m\r\u001b[2C\r\u001b[3C\u001b[;m                                                                                            \r\u001b[3C\u001b[;1;38;5;110m < \u001b[m\u001b[;38;5;144m6/6\u001b[m\u001b[1B\r\u001b[2C\u001b[;m                                                                                             \r\u001b[2C"
    ],
    [
      3.9e-05,
      "\u001b[;38;5;109mNAMESPACE     NAME                          READY     STATUS    RESTARTS   AGE\u001b[m\u001b[1A\r\u001b[3C\u001b[;m                                                                                            \r\u001b[3C\u001b[;1;38;5;110m < \u001b[m\u001b[;38;5;144m6/6\u001b[m\u001b[2B\r\u001b[;1;38;5;161;48;5;236m>\u001b[m\u001b[;1;38;5;254;48;5;236m \u001b[m\u001b[;1;38;5;254;48;5;236mkube-system   heapster-b587m                1/1       Running   0          1h\u001b[m\u001b[1B\r\u001b[;1;38;5;161;48;5;236m \u001b[m\u001b[;m \u001b[;mkube-system   influxdb-grafana-wl2vk        2/2       Running   0          1h\u001b[m\u001b[1B\r\u001b[;1;38;5;161;48;5;236m \u001b[m\u001b[;m \u001b[;mkube-system   kube-addon-manager-minikube   1/1       Running   0          1h\u001b[m\u001b[1B\r\u001b[;1;38;5;161;48;5;236m \u001b[m\u001b[;m \u001b[;mkube-system   kube-dns-910330662-8pxxh      3/3       Running   0          1h\u001b[m\u001b[1B\r\u001b[;1;38;5;161;48;5;236m \u001b[m\u001b[;m \u001b[;mkube-system   kubernetes-dashboard-kx7bz    1/1       Running   0          1h\u001b[m\u001b[1B\r\u001b[;1;38;5;161;48;5;236m \u001b[m\u001b[;m \u001b[;mkube-system   registry-zk290                1/1       Running   0          1h\u001b[m\u001b[6A\r\u001b[2C\u001b[;m   "
    ],
    [
      0.000139,
      "                                                                                          \r\u001b[2C\u001b[;38;5;109mNAMESPACE     NAME                          READY     STATUS    RESTARTS   AGE\u001b[m\u001b[1A\r\u001b[2C"
    ],
    [
      0.019533,
      "\r\u001b[2C"
    ],
    [
      1.288424,
      "\r\u001b[;m                                                                                               \r\u001b[;1;38;5;110m> \u001b[m\u001b[;1mr\u001b[m\r\u001b[4C\u001b[;m                                                                                           \r\u001b[4C\u001b[;1;38;5;110m < \u001b[m\u001b[;38;5;144m6/6\u001b[m\r\u001b[3C"
    ],
    [
      0.001138,
      "\r\u001b[4C\u001b[;m                                                                                           \r\u001b[4C\u001b[;1;38;5;110m < \u001b[m\u001b[;38;5;144m6/6\u001b[m\u001b[2B\r\u001b[;1;38;5;161;48;5;236m>\u001b[m\u001b[;1;38;5;254;48;5;236m \u001b[m\u001b[;1;38;5;254;48;5;236mkube-system   heapster-b587m                1/1       \u001b[m\u001b[;1;38;5;151;48;5;236mR\u001b[m\u001b[;1;38;5;254;48;5;236munning   0          1h\u001b[m\u001b[1B\r\u001b[;1;38;5;161;48;5;236m \u001b[m\u001b[;m \u001b[;mkube-system   influxdb-grafana-wl2vk        2/2       \u001b[m\u001b[;38;5;108mR\u001b[m\u001b[;munning   0          1h\u001b[m\u001b[1B\r\u001b[;1;38;5;161;48;5;236m \u001b[m\u001b[;m \u001b[;mkube-system   kube-addon-manager-minikube   1/1       \u001b[m\u001b[;38;5;108mR\u001b[m\u001b[;munning   0          1h\u001b[m\u001b[1B\r\u001b[;1;38;5;161;48;5;236m \u001b[m\u001b[;m \u001b[;mkube-system   kube-dns-910330662-8pxxh      3/3       \u001b[m\u001b[;38;5;108mR\u001b[m\u001b[;munning   0          1h\u001b[m\u001b[1B\r\u001b[;1;38;5;161;48;5;236m \u001b[m\u001b[;m \u001b[;mkube-system   kubernetes-dashboard-kx7bz    1/1       \u001b[m\u001b[;38;5;108mR\u001b[m\u001b[;munning   0          1h\u001b[m\u001b[1B\r\u001b[;1;38;5;161;48;5;236m \u001b[m\u001b[;m \u001b[;mkube-system   \u001b[m\u001b[;38;5;108mr\u001b[m\u001b[;megistry-zk290    "
    ],
    [
      3.8e-05,
      "            1/1       Running   0          1h\u001b[m\u001b[7A\r\u001b[3C"
    ],
    [
      0.046105,
      "\r\u001b[;m                                                                                               \r\u001b[;1;38;5;110m> \u001b[m\u001b[;1mre\u001b[m\r\u001b[5C\u001b[;m                                                                                          \r\u001b[5C\u001b[;1;38;5;110m < \u001b[m\u001b[;38;5;144m6/6\u001b[m\r\u001b[4C"
    ],
    [
      0.000198,
